{
	"commodities": {
		"metal_alloys": {
			"l10n_key": "METAL_ALLOYS",
			"inputs": [ "metal_ore", "industrial_machinery" ],
			"producer": "industrial",
			"price": 284
		},
		"plastics": {
			"l10n_key": "PLASTICS",
			"inputs": [ "carbon_ore", "industrial_machinery" ],
			"producer": "industrial",
			"price": 232
		},
		"textiles": {
			"l10n_key": "TEXTILES",
			"inputs": [ "plastics" ],
			"producer": "industrial",
			"price": 385
		},
		"fertilizer": {
			"l10n_key": "FERTILIZER",
			"inputs": [ "carbon_ore" ],
			"producer": "industrial",
			"price": 210
		},
		"consumer_goods": {
			"l10n_key": "CONSUMER_GOODS",
			"inputs": [ "plastics", "textiles" ],
			"producer": "industrial",
			"price": 704
		},
		"farm_machinery": {
			"l10n_key": "FARM_MACHINERY",
			"inputs": [ "metal_alloys", "robots" ],
			"producer": "industrial",
			"price": 425
		},
		"mining_machinery": {
			"l10n_key": "MINING_MACHINERY",
			"inputs": [ "metal_alloys", "robots" ],
			"producer": "industrial",
			"price": 779
		},
		"hand_weapons": {
			"l10n_key": "HAND_WEAPONS",
			"inputs": [ "metal_alloys", "computers" ],
			"producer": "industrial",
			"price": 704,
			"default_legality": [ 1, 2 ]
		},
		"narcotics": {
			"l10n_key": "NARCOTICS",
			"inputs": [ ],
			"producer": "industrial",
			"price": 953,
			"default_legality": [ 1, 2 ]
		},
		"military_fuel": {
			"l10n_key": "MILITARY_FUEL",
			"inputs": [ "hydrogen" ],
			"producer": "industrial",
			"price": 348
		},
		"radioactives": {
			"l10n_key": "RADIOACTIVES",
			"inputs": [ ],
			"producer": "industrial",
			"price": -4.4
		}
	}
}
