{
	"model": "dsminer",
	"name": "Deep Space Miner",
	"cockpit": " ",
	"manufacturer": "haber",
	"ship_class": "heavy_freighter",
	"min_crew": 5,
	"max_crew": 12,
	"price": 4162951,
	"hull_mass": 1380,
	"atmospheric_pressure_limit": 2,
	"capacity": 3900,
	"slots": {
		"engine": 1,
		"cabin": 50,
		"laser_front": 1,
		"laser_rear": 1,
		"missile": 4,
		"atmo_shield": 0,
		"cargo": 3100
	},
	"roles": ["merchant"],
	
	"effective_exhaust_velocity": 12900000,
	"thruster_fuel_use": -1.0,
	"fuel_tank_mass": 2700,
	"hyperdrive_class": 9,

	"forward_thrust": 46000000,
	"forward_acceleration_cap": 9.81,
	"reverse_thrust": 13000000,
	"reverse_acceleration_cap": 5.0031,
	"up_thrust": 13000000,
	"up_acceleration_cap": 5.0031,
	"down_thrust": 13000000,
	"down_acceleration_cap": 5.0031,
	"left_thrust": 9000000,
	"left_acceleration_cap": 5.0031,
	"right_thrust": 9000000,
	"right_acceleration_cap": 5.0031,

	"angular_thrust": 92528654.6826577,

	"front_cross_section": 515,
	"side_cross_section": 911,
	"top_cross_section": 1300,

	"front_drag_coeff": 1.1,
	"side_drag_coeff": 1.1,
	"top_drag_coeff": 1.1,

	"lift_coeff": 0,
	"aero_stability": 0.15
}
