{
	"model": "vatakara",
	"name": "Vatakara",
	"cockpit": "",
	"manufacturer": "mandarava_csepel",
	"ship_class": "heavy_freighter",
	"min_crew": 1,
	"max_crew": 8,
	"price": 1742728,
	"hull_mass": 890,
	"atmospheric_pressure_limit": 4.9,
	"capacity": 2330,
	"slots": {
		"engine": 1,
		"cabin": 10,
		"laser_front": 1,
		"laser_rear": 1,
		"missile": 6,
		"cargo": 2030
	},
	"roles": ["merchant"],
	
	"effective_exhaust_velocity": 16900000,
	"thruster_fuel_use": -1.0,
	"fuel_tank_mass": 2200,
	"hyperdrive_class": 9,

	"forward_thrust": 120000000,
	"forward_acceleration_cap": 19.62,
	"reverse_thrust": 65000000,
	"reverse_acceleration_cap": 17.658,
	"up_thrust": 65000000,
	"up_acceleration_cap": 19.62,
	"down_thrust": 27000000,
	"down_acceleration_cap": 12.1644,
	"left_thrust": 27000000,
	"left_acceleration_cap": 12.1644,
	"right_thrust": 27000000,
	"right_acceleration_cap": 12.1644,

	"angular_thrust": 555171928.095946,

	"front_cross_section": 635,
	"side_cross_section": 1215,
	"top_cross_section": 980,

	"front_drag_coeff": 1.3,
	"side_drag_coeff": 1.21,
	"top_drag_coeff": 0.91,

	"lift_coeff": 0.12,
	"aero_stability": 0.65
}
