{
	"commodities": {
		"fruit_and_veg": {
			"l10n_key": "FRUIT_AND_VEG",
			"inputs": [ "farm_machinery", "fertilizer" ],
			"consumable": true,
			"producer": "agricultural",
			"price": 675
		},
		"animal_meat": {
			"l10n_key": "ANIMAL_MEAT",
			"inputs": [ "farm_machinery", "fertilizer" ],
			"producer": "agricultural",
			"price": 847
		},
		"live_animals": {
			"l10n_key": "LIVE_ANIMALS",
			"inputs": [ "farm_machinery", "fertilizer" ],
			"producer": "agricultural",
			"price": 2111
		},
		"liquor": {
			"l10n_key": "LIQUOR",
			"inputs": [ "farm_machinery", "fertilizer" ],
			"producer": "agricultural",
			"price": 1337
		},
		"grain": {
			"l10n_key": "GRAIN",
			"inputs": [ "farm_machinery", "fertilizer" ],
			"producer": "agricultural",
			"price": 381
		},
		"slaves": {
			"l10n_key": "SLAVES",
			"inputs": [ ],
			"producer": "agricultural",
			"price": 2111,
			"default_legality": [ 1, 16 ]
		}
	}
}
