{
	"//TODO": "assign these commodities to be produced by a high-tech economy instead of just INDUSTRIAL",
	"commodities": {
		"medicines": {
			"l10n_key": "MEDICINES",
			"inputs": [ "computers", "carbon_ore" ],
			"producer": "industrial",
			"price": 1680
		},
		"computers": {
			"l10n_key": "COMPUTERS",
			"inputs": [ "precious_metals", "industrial_machinery" ],
			"producer": "industrial",
			"price": 1499
		},
		"robots": {
			"l10n_key": "ROBOTS",
			"inputs": [ "plastics", "computers" ],
			"producer": "industrial",
			"price": 1883
		},
		"industrial_machinery": {
			"l10n_key": "INDUSTRIAL_MACHINERY",
			"inputs": [ "metal_alloys", "robots" ],
			"producer": "industrial",
			"price": 756
		},
		"air_processors": {
			"l10n_key": "AIR_PROCESSORS",
			"inputs": [ "plastics", "industrial_machinery" ],
			"producer": "industrial",
			"price": 950
		},
		"battle_weapons": {
			"l10n_key": "BATTLE_WEAPONS",
			"inputs": [ "metal_alloys", "industrial_machinery" ],
			"producer": "industrial",
			"price": 1680,
			"default_legality": [ 1, 3 ]
		},
		"nerve_gas": {
			"l10n_key": "NERVE_GAS",
			"inputs": [ ],
			"producer": "industrial",
			"price": 1883,
			"default_legality": [ 1, 10 ]
		}
	}
}
