{
	"model": "bluenose",
	"name": "Bluenose",
	"cockpit": " ",
	"manufacturer": "kaluri",
	"ship_class": "medium_freighter",
	"min_crew": 2,
	"max_crew": 3,
	"price": 515460,
	"hull_mass": 210,
	"atmospheric_pressure_limit": 4.2,
	"capacity": 256,
	"slots": {
		"engine": 1,
		"cabin": 20,
		"laser_front": 1,
		"laser_rear": 1,
		"missile": 2,
		"cargo": 206
	},
	"roles": ["merchant", "pirate"],
	
	"effective_exhaust_velocity": 17600000,
	"thruster_fuel_use": -1.0,
	"fuel_tank_mass": 375,
	"hyperdrive_class": 4,

	"forward_thrust": 21000000,
	"forward_acceleration_cap": 23.544,
	"reverse_thrust": 9000000,
	"reverse_acceleration_cap": 9.81,
	"up_thrust": 12000000,
	"up_acceleration_cap": 19.62,
	"down_thrust": 7000000,
	"down_acceleration_cap": 15.3036,
	"left_thrust": 7000000,
	"left_acceleration_cap": 15.3036,
	"right_thrust": 7000000,
	"right_acceleration_cap": 15.3036,

	"angular_thrust": 93869649.6780586,

	"front_cross_section": 80,
	"side_cross_section": 337,
	"top_cross_section": 580,

	"front_drag_coeff": 0.87,
	"side_drag_coeff": 1.1,
	"top_drag_coeff": 1.3,

	"lift_coeff": 0,
	"aero_stability": 0.45
}
