{
	"model": "deneb",
	"name": "Deneb",
	"cockpit": "",
	"manufacturer": "albr",
	"ship_class": "medium_freighter",
	"min_crew": 2,
	"max_crew": 3,
	"price": 71714,
	"hull_mass": 175,
	"atmospheric_pressure_limit": 5.7,
	"capacity": 221,
	"slots": {
		"engine": 1,
		"cabin": 50,
		"laser_front": 1,
		"laser_rear": 1,
		"missile": 2,
		"cargo": 151
	},
	"roles": ["mercenary", "merchant", "pirate"],

	"effective_exhaust_velocity": 23900000,
	"thruster_fuel_use": -1.0,
	"fuel_tank_mass": 225,
	"hyperdrive_class": 4,

	"forward_thrust": 16800000,
	"forward_acceleration_cap": 20.601,
	"reverse_thrust": 11500000,
	"reverse_acceleration_cap": 17.7561,
	"up_thrust": 14400000,
	"up_acceleration_cap": 19.62,
	"down_thrust": 11000000,
	"down_acceleration_cap": 12.753,
	"left_thrust": 11000000,
	"left_acceleration_cap": 12.753,
	"right_thrust": 11000000,
	"right_acceleration_cap": 12.753,

	"angular_thrust": 73754724.747046,

	"front_cross_section": 60,
	"side_cross_section": 225,
	"top_cross_section": 712,

	"front_drag_coeff": 0.08,
	"side_drag_coeff": 0.25,
	"top_drag_coeff": 0.89,

	"lift_coeff": 0.81,
	"aero_stability": 2.1
}
