{
	"model": "lodos",
	"name": "Lodos",
	"cockpit": "",
	"manufacturer": "auronox",
	"ship_class": "heavy_freighter",
	"min_crew": 2,
	"max_crew": 5,
	"price": 73930,
	"hull_mass": 850,
	"atmospheric_pressure_limit": 3.2,
	"capacity": 2886,
	"slots": {
		"engine": 1,
		"cabin": 50,
		"laser_front": 1,
		"laser_rear": 1,
		"missile": 2,
		"cargo": 2586
	},
	"roles": ["merchant"],
	
	"effective_exhaust_velocity": 18900000,
	"thruster_fuel_use": -1.0,
	"fuel_tank_mass": 2100,
	"hyperdrive_class": 7,

	"forward_thrust": 98000000,
	"forward_acceleration_cap": 22.563,
	"reverse_thrust": 33000000,
	"reverse_acceleration_cap": 17.658,
	"up_thrust": 33000000,
	"up_acceleration_cap": 19.62,
	"down_thrust": 13000000,
	"down_acceleration_cap": 17.658,
	"left_thrust": 13000000,
	"left_acceleration_cap": 17.658,
	"right_thrust": 13000000,
	"right_acceleration_cap": 17.658,

	"angular_thrust": 267305002.416567,

	"front_cross_section": 345,
	"side_cross_section": 690,
	"top_cross_section": 1430,

	"front_drag_coeff": 0.32,
	"side_drag_coeff": 0.69,
	"top_drag_coeff": 0.83,

	"lift_coeff": 0.225,
	"aero_stability": 0.6
}
