{
	"model": "molamola",
	"name": "Mola Mola",
	"cockpit": "",
	"manufacturer": "kaluri",
	"ship_class": "light_freighter",
	"min_crew": 1,
	"max_crew": 3,
	"price": 178616,
	"hull_mass": 27,
	"atmospheric_pressure_limit": 5.1,
	"capacity": 49,
	"slots": {
		"engine": 1,
		"cabin": 8,
		"laser_front": 1,
		"missile": 2,
		"cargo": 45
	},
	"roles": ["mercenary", "merchant", "pirate", "courier"],
	
	"effective_exhaust_velocity": 13000000,
	"thruster_fuel_use": -1.0,
	"fuel_tank_mass": 40,
	"hyperdrive_class": 2,

	"forward_thrust": 3000000,
	"forward_acceleration_cap": 26.487,
	"reverse_thrust": 1800000,
	"reverse_acceleration_cap": 20.7972,
	"up_thrust": 2100000,
	"up_acceleration_cap": 24.525,
	"down_thrust": 1000000,
	"down_acceleration_cap": 16.677,
	"left_thrust": 1000000,
	"left_acceleration_cap": 16.677,
	"right_thrust": 1000000,
	"right_acceleration_cap": 16.677,

	"angular_thrust": 2714173.87069129,

	"front_cross_section": 46,
	"side_cross_section": 75,
	"top_cross_section": 77,

	"front_drag_coeff": 0.24,
	"side_drag_coeff": 0.43,
	"top_drag_coeff": 0.39,

	"lift_coeff": 0.1,
	"aero_stability": 0.225
}
