{
	"model": "molaramsayi",
	"name": "Mola Ramsayi",
	"cockpit": " ",
	"manufacturer": "kaluri",
	"ship_class": "medium_freighter",
	"min_crew": 1,
	"max_crew": 5,
	"price": 430617,
	"hull_mass": 380,
	"atmospheric_pressure_limit": 3.8,
	"capacity": 436,
	"slots": {
		"engine": 1,
		"cabin": 60,
		"laser_front": 1,
		"laser_rear": 1,
		"missile": 3,
		"cargo": 386
	},
	"roles": ["merchant"],

	"effective_exhaust_velocity": 17600000,
	"thruster_fuel_use": -1.0,
	"fuel_tank_mass": 473,
	"hyperdrive_class": 5,

	"forward_thrust": 36000000,
	"forward_acceleration_cap": 21.582,
	"reverse_thrust": 20000000,
	"reverse_acceleration_cap": 21.582,
	"up_thrust": 32000000,
	"up_acceleration_cap": 21.582,
	"down_thrust": 13000000,
	"down_acceleration_cap": 16.677,
	"left_thrust": 13000000,
	"left_acceleration_cap": 16.677,
	"right_thrust": 13000000,
	"right_acceleration_cap": 16.677,

	"angular_thrust": 76704913.7369279,

	"front_cross_section": 165,
	"side_cross_section": 300,
	"top_cross_section": 307,

	"front_drag_coeff": 0.34,
	"side_drag_coeff": 0.56,
	"top_drag_coeff": 0.56,

	"lift_coeff": 0.12,
	"aero_stability": 1.1
}
