{
	"model": "nerodia",
	"name": "Nerodia",
	"cockpit": "",
	"manufacturer": "opli",
	"ship_class": "medium_freighter",
	"min_crew": 1,
	"max_crew": 6,
	"price": 1055099,
	"hull_mass": 450,
	"atmospheric_pressure_limit": 3.7,
	"capacity": 1875,
	"slots": {
		"engine": 1,
		"cabin": 35,
		"laser_front": 1,
		"laser_rear": 1,
		"missile": 2,
		"atmo_shield": 0,
		"cargo": 1675
	},
	"roles": ["merchant"],
	
	"effective_exhaust_velocity": 21900000,
	"thruster_fuel_use": -1.0,
	"fuel_tank_mass": 1000,
	"hyperdrive_class": 8,

	"forward_thrust": 56000000,
	"forward_acceleration_cap": 14.715,
	"reverse_thrust": 9000000,
	"reverse_acceleration_cap": 9.81,
	"up_thrust": 19000000,
	"up_acceleration_cap": 9.81,
	"down_thrust": 9000000,
	"down_acceleration_cap": 9.81,
	"left_thrust": 9000000,
	"left_acceleration_cap": 9.81,
	"right_thrust": 9000000,
	"right_acceleration_cap": 9.81,

	"angular_thrust": 128735519.55848,

	"front_cross_section": 210,
	"side_cross_section": 358,
	"top_cross_section": 810,

	"front_drag_coeff": 0.6,
	"side_drag_coeff": 0.8,
	"top_drag_coeff": 1.1,

	"lift_coeff": 0.2,
	"aero_stability": 0.55
}
