{
	"model": "skipjack",
	"name": "Skipjack",
	"cockpit": " ",
	"manufacturer": "kaluri",
	"ship_class": "medium_courier",
	"min_crew": 2,
	"max_crew": 3,
	"price": 166210,
	"hull_mass": 80,
	"atmospheric_pressure_limit": 4,
	"capacity": 198,
	"slots": {
		"engine": 1,
		"cabin": 5,
		"scoop": 2,
		"laser_front": 1,
		"missile": 8,
		"sensor": 1,
		"cargo": 146
	},
	"roles": ["mercenary", "merchant", "pirate", "courier"],
	
	"effective_exhaust_velocity": 18900000,
	"thruster_fuel_use": -1.0,
	"fuel_tank_mass": 135,
	"hyperdrive_class": 4,

	"forward_thrust": 9000000,
	"forward_acceleration_cap": 31.392,
	"reverse_thrust": 9000000,
	"reverse_acceleration_cap": 19.62,
	"up_thrust": 14000000,
	"up_acceleration_cap": 25.506,
	"down_thrust": 6000000,
	"down_acceleration_cap": 19.62,
	"left_thrust": 6000000,
	"left_acceleration_cap": 19.62,
	"right_thrust": 6000000,
	"right_acceleration_cap": 19.62,

	"angular_thrust": 56321789.8068352,

	"front_cross_section": 78,
	"side_cross_section": 142,
	"top_cross_section": 223,

	"front_drag_coeff": 0.4,
	"side_drag_coeff": 0.8,
	"top_drag_coeff": 0.9,

	"lift_coeff": 0.3,
	"aero_stability": 1.6
}
