{
	"model": "varada",
	"name": "Varada",
	"cockpit": " ",
	"manufacturer": "mandarava_csepel",
	"ship_class": "light_courier",
	"min_crew": 1,
	"max_crew": 1,
	"price": 20403,
	"hull_mass": 4,
	"atmospheric_pressure_limit": 4,
	"capacity": 5,
	"slots": {
		"engine": 1,
		"cabin": 0,
		"scoop": 0,
		"laser_front": 1,
		"cargo": 5
	},
	"roles": ["mercenary", "pirate", "courier"],
	
	"effective_exhaust_velocity": 8900000,
	"thruster_fuel_use": -1.0,
	"fuel_tank_mass": 5,
	"hyperdrive_class": 1,

	"forward_thrust": 200000,
	"forward_acceleration_cap": 39.24,
	"reverse_thrust": 100000,
	"reverse_acceleration_cap": 22.563,
	"up_thrust": 160000,
	"up_acceleration_cap": 29.43,
	"down_thrust": 80000,
	"down_acceleration_cap": 22.563,
	"left_thrust": 50000,
	"left_acceleration_cap": 19.62,
	"right_thrust": 50000,
	"right_acceleration_cap": 19.62,

	"angular_thrust": 165389.382766103,

	"front_cross_section": 3.5,
	"side_cross_section": 23,
	"top_cross_section": 10,

	"front_drag_coeff": 0.7,
	"side_drag_coeff": 0.9,
	"top_drag_coeff": 0.3,

	"lift_coeff": 0.2,
	"aero_stability": 0.6
}
