{
	"model": "venturestar",
	"name": "Venturestar",
	"cockpit": "",
	"manufacturer": "albr",
	"ship_class": "medium_freighter",
	"min_crew": 2,
	"max_crew": 5,
	"price": 539305,
	"hull_mass": 460,
	"atmospheric_pressure_limit": 7.2,
	"capacity": 899,
	"slots": {
		"engine": 1,
		"cabin": 35,
		"laser_front": 1,
		"laser_rear": 1,
		"missile": 6,
		"cargo": 619
	},
	"roles": ["merchant"],	
	
	"effective_exhaust_velocity": 21700000,
	"thruster_fuel_use": -1.0,
	"fuel_tank_mass": 700,
	"hyperdrive_class": 6,

	"forward_thrust": 55000000,
	"forward_acceleration_cap": 21.582,
	"reverse_thrust": 60000000,
	"reverse_acceleration_cap": 19.62,
	"up_thrust": 60000000,
	"up_acceleration_cap": 24.525,
	"down_thrust": 30000000,
	"down_acceleration_cap": 17.2656,
	"left_thrust": 30000000,
	"left_acceleration_cap": 17.2656,
	"right_thrust": 30000000,
	"right_acceleration_cap": 17.2656,

	"angular_thrust": 201149249.310126,

	"front_cross_section": 120,
	"side_cross_section": 280,
	"top_cross_section": 1190,

	"front_drag_coeff": 0.06,
	"side_drag_coeff": 0.21,
	"top_drag_coeff": 0.95,

	"lift_coeff": 0.76,
	"aero_stability": 1.8
}
